Contraction,Expansion
i m,i am
you re,you are
he s,he is
he s,he has
she s,she is
she s,she has
it s,it is
it s,it has
we re,we are
they re,they are
i ve,i have
you ve,you have
we ve,we have
they ve,they have
i d,i would
i d,i had
you d,you would
you d,you had
he d,he would
he d,he had
she d,she would
she d,she had
it d,it would
it d,it had
we d,we would
we d,we had
they d,they would
they d,they had
i ll,i will
i ll,i shall
you ll,you will
he ll,he will
she ll,she will
it ll,it will
we ll,we will
they ll,they will
isn t,is not
aren t,are not
wasn t,was not
weren t,were not
haven t,have not
hasn t,has not
hadn t,had not
won t,will not
wouldn t,would not
don t,do not
doesn t,does not
didn t,did not
can t,cannot
couldn t,could not
shouldn t,should not
mightn t,might not
mustn t,must not
wan na, want to
got ta, got to
gon na, going to
http co, 
http www,  
http t, 
http tinyurl, 
tinyurl com, 
diigo com, 
www diigo, 
twitpic com, 
http twitpic, 
